{"cameraMode":{"drawMode":0,"name":"Shaded","section":"Shading Mode"},"sceneLighting":false,"audioPlay":false,"sceneViewState":{"showFog":true,"showMaterialUpdate":false,"showSkybox":true,"showFlares":true,"showImageEffects":true,"showParticleSystems":true},"in2DMode":false,"pivot":{"x":-7.800000190734863,"y":1.2599999904632569,"z":0.0},"rotation":{"x":0.027695737779140474,"y":-0.9689755439758301,"z":0.20957224071025849,"w":0.12805837392807008},"size":4.492794513702393,"orthographic":false}